name,position
A.J. Brown,WR
A.J. Dillon,RB
A.J. Green,WR
Aaron Jones,RB
Aaron Rodgers,QB
Adam Thielen,WR
Adam Trautman,TE
Albert Okwuegbunam,TE
Alec Pierce,WR
Alexander Mattison,RB
Allen Lazard,WR
Allen Robinson,WR
Alvin Kamara,RB
Amari Cooper,WR
Amari Rodgers,WR
Ameer Abdullah,RB
Amon-Ra St. Brown,WR
Andre Baccellia,WR
Andrew Beck,TE
Andy Dalton,QB
Andy Isabella,WR
Anthony Brown,QB
Anthony Firkser,TE
Anthony McFarland,RB
Anthony Schwartz,WR
Antonio Gibson,RB
Armani Rogers,TE
Ashton Dulin,WR
Austin Ekeler,RB
Austin Hooper,TE
Austin Trammell,WR
Avery Williams,RB
Bailey Zappe,QB
Baker Mayfield,QB
Ben Ellefson,TE
Ben Skowronek,WR
Benny Snell,RB
Blaine Gabbert,QB
Blake Bell,TE
Boston Scott,RB
Brandin Cooks,WR
Brandon Aiyuk,WR
Brandon Allen,QB
Brandon Bolden,RB
Brandon Johnson,WR
Brandon Powell,WR
Braxton Berrios,WR
Braylon Sanders,WR
Breece Hall,RB
Breshad Perriman,WR
Brett Rypien,QB
Brevin Jordan,TE
Brian Hoyer,QB
Brian Robinson,RB
Brock Purdy,QB
Brock Wright,TE
Bryan Edwards,WR
Bryce Perkins,QB
Brycen Hopkins,TE
Byron Pringle,WR
C.J. Beathard,QB
C.J. Board,WR
C.J. Uzomah,TE
Cade Johnson,WR
Cade Otton,TE
Caleb Huntley,RB
Cam Akers,RB
Cam Sims,WR
Cameron Brate,TE
Carson Wentz,QB
Case Keenum,QB
Cedrick Wilson,WR
CeeDee Lamb,WR
Chad Henne,QB
Charlie Kolar,TE
Charlie Woerner,TE
Chase Claypool,WR
Chase Daniel,QB
Chase Edmonds,RB
Chigoziem Okonkwo,TE
Chris Conley,WR
Chris Evans,RB
Chris Godwin,WR
Chris Manhertz,TE
Chris Moore,WR
Chris Myarick,TE
Chris Olave,WR
Chris Streveler,QB
Christian Kirk,WR
Christian McCaffrey,RB
Christian Watson,WR
Chuba Hubbard,RB
Clyde Edwards-Helaire,RB
Cody Hollister,WR
Cody White,WR
Colby Parkinson,TE
Cole Beasley,WR
Cole Kmet,TE
Cole Turner,TE
Colt McCoy,QB
Connor Heyward,TE
Cooper Kupp,WR
Cooper Rush,QB
Cordarrelle Patterson,RB
Corey Clement,RB
Corey Davis,WR
Courtland Sutton,WR
Craig Reynolds,RB
Curtis Samuel,WR
D'Andre Swift,RB
D'Ernest Johnson,RB
D'Onta Foreman,RB
D'Wayne Eskridge,WR
D.J. Chark,WR
D.J. Moore,WR
D.J. Turner,WR
DK Metcalf,WR
Dak Prescott,QB
Dallas Goedert,TE
Dalton Schultz,TE
Dalvin Cook,RB
Dameon Pierce,RB
Damien Harris,RB
Damien Williams,RB
Damiere Byrd,WR
Dan Arnold,TE
Daniel Bellinger,TE
Daniel Jones,QB
Danny Gray,WR
Dante Pettis,WR
Dare Ogunbowale,RB
Dareke Young,WR
Darius Slayton,WR
Darnell Mooney,WR
Darrel Williams,RB
Darrell Henderson,RB
Darren Waller,TE
Darrynton Evans,RB
Davante Adams,WR
David Bell,WR
David Blough,QB
David Johnson,RB
David Montgomery,RB
David Njoku,TE
David Sills,WR
Davis Mills,QB
Davis Webb,QB
Dawson Knox,TE
Dax Milne,WR
Daylen Baldwin,WR
DeAndre Carter,WR
DeAndre Hopkins,WR
DeSean Jackson,WR
DeVante Parker,WR
DeVonta Smith,WR
DeeJay Dallas,RB
Deebo Samuel,WR
Demarcus Robinson,WR
Demetric Felton,RB
Dennis Houston,WR
Denzel Mims,WR
Deon Jackson,RB
Deonte Harty,WR
Derek Carr,QB
Derrick Henry,RB
Deshaun Watson,QB
Desmond Ridder,QB
Deven Thompkins,WR
Devin Asiasi,TE
Devin Duvernay,WR
Devin Singletary,RB
Devine Ozigbo,RB
Dezmon Patmon,WR
Diontae Johnson,WR
Donald Parham,TE
Donovan Peoples-Jones,WR
Dontrell Hilliard,RB
Drake London,WR
Drew Sample,TE
Duke Johnson,RB
Durham Smythe,TE
Dwayne Washington,RB
Dyami Brown,WR
Elijah Mitchell,RB
Elijah Moore,WR
Eno Benjamin,RB
Equanimeous St. Brown,WR
Eric Saubert,TE
Eric Tomlinson,TE
Erik Ezukanma,WR
Evan Engram,TE
Ezekiel Elliott,RB
Feleipe Franks,TE
Foster Moreau,TE
Frank Darby,WR
Freddie Swain,WR
Gabe Davis,WR
Gardner Minshew,QB
Garrett Wilson,WR
Gary Brightwell,RB
Geno Smith,QB
Geoff Swaim,TE
George Kittle,TE
George Pickens,WR
Gerald Everett,TE
Giovani Bernard,RB
Giovanni Ricci,TE
Godwin Igwebuike,RB
Grant Calcaterra,TE
Greg Dortch,WR
Greg Dulcich,TE
Gunner Olszewski,WR
Gus Edwards,RB
Harrison Bryant,TE
Hassan Haskins,RB
Hayden Hurst,TE
Hunter Henry,TE
Hunter Renfrow,WR
Ian Thomas,TE
Ihmir Smith-Marsette,WR
Irv Smith,TE
Isaiah Hodgins,WR
Isaiah Likely,TE
Isaiah McKenzie,WR
Isaiah Spiller,RB
Isiah Pacheco,RB
J.D. McKissic,RB
J.J. Taylor,RB
J.K. Dobbins,RB
Ja'Marr Chase,WR
Jack Stoll,TE
Jacob Eason,QB
Jacob Harris,WR
Jacoby Brissett,QB
Jaelon Darden,WR
Jahan Dotson,WR
Jake Ferguson,TE
Jake Kumerow,WR
Jake Tonges,TE
Jakobi Meyers,WR
Jalen Camp,WR
Jalen Guyton,WR
Jalen Hurts,QB
Jalen Nailor,WR
Jalen Reagor,WR
Jalen Tolbert,WR
Jalen Virgil,WR
Jamaal Williams,RB
Jamal Agnew,WR
Jameis Winston,QB
James Conner,RB
James Cook,RB
James Mitchell,TE
James Proche,WR
James Robinson,RB
James Washington,WR
Jameson Williams,WR
Jamison Crowder,WR
Jamycal Hasty,RB
Jared Goff,QB
Jaret Patterson,RB
Jarrett Stidham,QB
Jarvis Landry,WR
Jason Moore,WR
Jauan Jennings,WR
Javonte Williams,RB
Jaylen Waddle,WR
Jaylen Warren,RB
Jeff Driskel,QB
Jeff Smith,WR
Jeffery Wilson,RB
Jelani Woods,TE
Jeremy Ruckert,TE
Jerick McKinnon,RB
Jerome Ford,RB
Jerry Jeudy,WR
Jesper Horsted,TE
Jimmy Garoppolo,QB
Joe Burrow,QB
Joe Flacco,QB
Joe Fortson,TE
Joe Mixon,RB
John Bates,TE
John Brown,WR
John Wolford,QB
Johnny Mundt,TE
Jonathan Taylor,RB
Jonathan Ward,RB
Jonathan Williams,RB
Jonnu Smith,TE
Jordan Akins,TE
Jordan Howard,RB
Jordan Love,QB
Jordan Mason,RB
Jordan Wilkins,RB
Josh Ali,WR
Josh Allen,QB
Josh Gordon,WR
Josh Jacobs,RB
Josh Johnson,QB
Josh Oliver,TE
Josh Palmer,WR
Josh Reynolds,WR
Joshua Dobbs,QB
Joshua Kelley,RB
Josiah Deguara,TE
JuJu Smith-Schuster,WR
Julio Jones,WR
Julius Chestnut,RB
Justice Hill,RB
Justin Fields,QB
Justin Herbert,QB
Justin Jackson,RB
Justin Jefferson,WR
Justin Watson,WR
Juwan Johnson,TE
Juwann Winfree,WR
K.J. Hamler,WR
K.J. Osborn,WR
Kadarius Toney,WR
Kalif Raymond,WR
Kareem Hunt,RB
Kavontae Turpin,WR
Ke'Shawn Vaughn,RB
Keaontay Ingram,RB
Keelan Cole,WR
Keenan Allen,WR
Keith Kirkwood,WR
Keke Coutee,WR
Kendall Blanton,TE
Kendall Hinton,WR
Kendrick Bourne,WR
Kene Nwangwu,RB
Kenneth Gainwell,RB
Kenneth Walker,RB
Kenny Golladay,WR
Kenny Pickett,QB
Kenyan Drake,RB
Kevin Harris,RB
Kevin White,WR
KhaDarel Hodge,WR
Khalil Herbert,RB
Khalil Shakir,WR
Kirk Cousins,QB
Ko Kieft,TE
Kyle Allen,QB
Kyle Philips,WR
Kyle Pitts,TE
Kyle Rudolph,TE
Kyle Trask,QB
Kylen Granson,TE
Kyler Murray,QB
Kylin Hill,RB
Kyren Williams,RB
Lamar Jackson,QB
Lance McCutcheon,WR
Laquon Treadwell,WR
Larry Rountree,RB
Latavius Murray,RB
Laviska Shenault,WR
Lawrence Cager,TE
Leonard Fournette,RB
Lil'Jordan Humphrey,WR
Logan Thomas,TE
Luke Farrell,TE
Mac Jones,QB
Mack Hollins,WR
Malcolm Brown,RB
Malik Davis,RB
Malik Willis,QB
Marcedes Lewis,TE
Marcus Johnson,WR
Marcus Mariota,QB
Mark Andrews,TE
Mark Ingram,RB
Marlon Mack,RB
Marquez Callaway,WR
Marquez Valdes-Scantling,WR
Marquise Brown,WR
Marquise Goodwin,WR
Marvin Jones,WR
Mason Kinsey,WR
Mason Schreck,TE
Matt Breida,RB
Matt Ryan,QB
Matthew Stafford,QB
Maurice Alexander,WR
Maxx Williams,TE
Mecole Hardman,WR
Melvin Gordon,RB
Michael Bandy,WR
Michael Carter,RB
Michael Gallup,WR
Michael Pittman,WR
Michael Thomas,WR
Mike Boone,RB
Mike Davis,RB
Mike Evans,WR
Mike Gesicki,TE
Mike Strachan,WR
Mike Thomas,WR
Mike White,QB
Mike Williams,WR
Mike Woods,WR
Miles Boykin,WR
Miles Sanders,RB
Miller Forristall,TE
Mitchell Trubisky,QB
Mitchell Wilcox,TE
Mo Alie-Cox,TE
Montrell Washington,WR
MyCole Pruitt,TE
Myles Gaskin,RB
N'Keal Harry,WR
Najee Harris,RB
Nate Sudfeld,QB
Nathan Peterman,QB
Nelson Agholor,WR
Nick Chubb,RB
Nick Foles,QB
Nick Mullens,QB
Nick Vannett,TE
Nick Westbrook-Ikhine,WR
Nico Collins,WR
Noah Brown,WR
Noah Fant,TE
Noah Gray,TE
Noah Togiai,TE
Nsimba Webster,WR
Nyheim Hines,RB
O.J. Howard,TE
Olamide Zaccheaus,WR
Parker Hesse,TE
Parris Campbell,WR
Pat Freiermuth,TE
Patrick Mahomes,QB
Patrick Taylor,RB
Penny Hart,WR
Peyton Hendershot,TE
Pharaoh Brown,TE
Pharoh Cooper,WR
Phillip Dorsett,WR
Phillip Lindsay,RB
Phillip Walker,QB
Pierre Strong,RB
Quez Watkins,WR
Quintez Cephus,WR
Quintin Morris,TE
Racey McMath,WR
Rachaad White,RB
Raheem Blackshear,RB
Raheem Mostert,RB
Randall Cobb,WR
Rashaad Penny,RB
Rashid Shaheed,WR
Rashod Bateman,WR
Ray-Ray McCloud,WR
Reggie Bonnafon,RB
Rex Burkhead,RB
Rhamondre Stevenson,RB
Richard Rodgers,TE
Richie James,WR
River Cracraft,WR
Robby Anderson,WR
Robert Tonyan,TE
Robert Woods,WR
Romeo Doubs,WR
Ronald Jones,RB
Rondale Moore,WR
Ronnie Rivers,RB
Ross Dwelley,TE
Royce Freeman,RB
Russell Gage,WR
Russell Wilson,QB
Ryan Griffin,TE
Ryan Tannehill,QB
Salvon Ahmed,RB
Sam Darnold,QB
Sam Ehlinger,QB
Sam Howell,QB
Samaje Perine,RB
Sammy Watkins,WR
Samori Toure,WR
Saquon Barkley,RB
Scott Miller,WR
Sean McKeon,TE
Shane Zylstra,TE
Shi Smith,WR
Simi Fehoko,WR
Skylar Thompson,QB
Skyy Moore,WR
Snoop Conner,RB
Sony Michel,RB
Spencer Brown,RB
Stanley Morgan,WR
Stefon Diggs,WR
Stephen Anderson,TE
Stephen Sullivan,TE
Sterling Shepard,WR
Steven Sims,WR
Stone Smartt,TE
T.J. Hockenson,TE
T.Y. Hilton,WR
Tanner Conner,WR
Tanner Gentry,WR
Tanner Hudson,TE
Taylor Heinicke,QB
Taysom Hill,TE
Teagan Quitoriano,TE
Teddy Bridgewater,QB
Tee Higgins,WR
Terrace Marshall,WR
Terry McLaurin,WR
Tevin Coleman,RB
Tim Boyle,QB
Tim Jones,WR
Tom Brady,QB
Tom Kennedy,WR
Tommy Sweeney,TE
Tommy Tremble,TE
Tony Jones,RB
Tony Pollard,RB
Trace McSorley,QB
Travis Etienne,RB
Travis Homer,RB
Travis Kelce,TE
Trayveon Williams,RB
Tre' McKitty,TE
Tre'Quan Smith,WR
Trent Sherfield,WR
Trent Taylor,WR
Trenton Irwin,WR
Trestan Ebner,RB
Trevon Wesco,TE
Trevor Lawrence,QB
Trevor Siemian,QB
Trey Lance,QB
Trey McBride,TE
Trey Sermon,RB
Treylon Burks,WR
Tua Tagovailoa,QB
Tutu Atwell,WR
Ty Chandler,RB
Ty Johnson,RB
Ty Montgomery,WR
Ty'Son Williams,RB
Tylan Wallace,WR
Tyler Allgeier,RB
Tyler Badie,RB
Tyler Boyd,WR
Tyler Conklin,TE
Tyler Davis,TE
Tyler Higbee,TE
Tyler Huntley,QB
Tyler Kroft,TE
Tyler Lockett,WR
Tyler Mabry,TE
Tyquan Thornton,WR
Tyreek Hill,WR
Tyrie Cleveland,WR
Tyrion Davis-Price,RB
Tyrod Taylor,QB
Tyron Johnson,WR
Van Jefferson,WR
Velus Jones,WR
Wan'Dale Robinson,WR
Will Dissly,TE
Zach Ertz,TE
Zach Gentry,TE
Zach Pascal,WR
Zach Wilson,QB
Zack Moss,RB
Zamir White,RB
Zander Horvath,RB
Zay Jones,WR
Zonovan Knight,RB
Adam Humphries,WR
Adam Shaheen,TE
Adrian Peterson,RB
Albert Wilson,WR
Alex Armah,RB
Alex Bachman,WR
Alex Collins,RB
Alex Erickson,WR
Andre Roberts,WR
Anthony Miller,WR
Antoine Wesley,WR
Antonio Brown,WR
Antony Auclair,TE
Auden Tate,WR
Austin Walter,RB
Ben Roethlisberger,QB
Blake Jarwin,TE
Brandon Zylstra,WR
Buddy Howell,RB
C.J. Saunders,WR
Calvin Ridley,WR
Cam Newton,QB
Cameron Batson,WR
Carlos Hyde,RB
Cethan Carter,TE
Chester Rogers,WR
Chris Carson,RB
Chris Hogan,WR
Christian Blake,WR
Christopher Herndon,TE
Codey McElroy,TE
Colin Thompson,TE
Collin Johnson,WR
Cyril Grayson,WR
D.J. Montgomery,WR
Damarea Crockett,RB
Daniel Brown,TE
Daniel Helm,TE
Danny Amendola,WR
Darius Bradwell,RB
Darrell Daniels,TE
Darren Fells,TE
David Moore,WR
Davion Davis,WR
Dazz Newsome,WR
Dede Westbrook,WR
Demetrius Harris,TE
Deon Yelder,TE
Derek Carrier,TE
Derrick Gore,RB
Devin Smith,WR
Devonta Freeman,RB
Devontae Booker,RB
Dez Fitzpatrick,WR
Diontae Spencer,WR
Dominique Dafney,TE
Drew Lock,QB
Easop Winston,WR
Elijhaa Penny,RB
Emmanuel Sanders,WR
Eric Ebron,TE
Ethan Wolf,TE
Feleipe Franks,QB
Garrett Gilbert,QB
Garrett Griffin,TE
Geronimo Allison,WR
Greg Ward,WR
Henry Ruggs,WR
Hunter Long,TE
Ian Book,QB
Isaiah Coulter,WR
Isaiah Ford,WR
Ito Smith,RB
J.J. Arcega-Whiteside,TE
Ja'Marcus Bradley,WR
Jack Doyle,TE
Jacob Hollister,TE
Jacques Patrick,RB
Jake Fromm,QB
Jake Funk,RB
Jakeem Grant,WR
Jalen Richard,RB
James O'Shaughnessy,TE
James White,RB
Jaquan Hardy,RB
Jared Cook,TE
Jason Huntley,RB
Jaydon Mickens,WR
Jaylen Samuels,RB
Jeremy McNichols,RB
Jeremy Sprinkle,TE
Jermar Jefferson,RB
Jesse James,TE
Jimmy Graham,TE
John Kelly,RB
John Ross,WR
Josh Rosen,QB
K.J. Hill,WR
Kaden Smith,TE
Kalen Ballage,RB
Kellen Mond,QB
Kenjon Barner,RB
Kenny Stills,WR
Kenny Yeboah,TE
Kevin Rader,TE
Kirk Merritt,WR
Kristian Wilkerson,WR
Kurt Benkert,QB
La'Mical Perine,RB
Le'Veon Bell,RB
Lee Smith,TE
Logan Woodside,QB
Luke Stocker,TE
Malik Taylor,WR
Malik Turner,WR
Marcus Kemp,WR
Marvin Hall,WR
Mason Rudolph,QB
Maurice Ffrench,WR
Mekhi Sargent,RB
Mike Glennon,QB
Mohamed Sanu,WR
Nate McCrary,RB
Nathan Cottrell,RB
Nick Bawden,RB
Nick Boyle,TE
Odell Beckham,WR
Patrick Laird,RB
Peyton Barber,RB
Preston Williams,WR
Qadree Ollison,RB
Rashard Higgins,WR
Ricky Seals-Jones,TE
Rob Gronkowski,TE
Rodney Adams,WR
Rodney Smith,RB
Ryan Fitzpatrick,QB
Ryan Nall,RB
Ryquell Armstead,RB
Scottie Phillips,RB
Sean Mannion,QB
Seth Williams,WR
Tajae Sharpe,WR
Tarik Black,WR
Tavon Austin,WR
Taysom Hill,QB
Tim Patrick,WR
Tommy Hudson,TE
Tommylee Lewis,WR
Travis Benjamin,WR
Trenton Cannon,RB
Trey Ragas,RB
Trinity Benson,WR
Tyler Johnson,WR
Tyree Jackson,TE
Tyrell Williams,WR
Vyncint Smith,WR
Wayne Gallman,RB
Wendell Smallwood,RB
Will Fuller,WR
Willie Snead,WR
AJ McCarron,QB
Adrian Killins,RB
Alex Smith,QB
Alfred Morris,RB
Alshon Jeffery,WR
Anthony Sherman,RB
Antonio Callaway,WR
Antonio Gandy-Golden,WR
Antonio Williams,RB
Artavis Pierce,RB
Austin Carr,WR
Austin Mack,WR
Ben DiNucci,QB
Bennie Fowler,WR
Bo Scarbrough,RB
Brandon Dillon,TE
Brian Hill,RB
C.J. Prosise,RB
Chad Beebe,WR
Chad Hansen,WR
Chris Thompson,RB
D.J. Foster,RB
DaeSean Hamilton,WR
Dalton Keene,TE
Damion Ratley,WR
Darrius Shepherd,WR
Darwin Thompson,RB
Daurice Fountain,WR
DeAndre Washington,RB
DeMichael Harris,WR
Deontay Burnett,WR
Dexter Williams,RB
Dez Bryant,WR
Dion Lewis,RB
Donte Moncrief,WR
Dontrelle Inman,WR
Drew Brees,QB
Dwayne Haskins,QB
Easton Stick,QB
Frank Gore,RB
Gehrig Dieter,WR
Golden Tate,WR
Greg Olsen,TE
Hakeem Butler,TE
Hunter Bryant,TE
Isaac Nauta,TE
Isaiah Wright,WR
Isaiah Zuber,WR
J.P. Holtz,TE
Jace Sternberger,TE
Jaeden Graham,TE
Jake Butt,TE
Jake Luton,QB
Jaleel Scott,WR
Jason Croom,TE
Jason Witten,TE
Javon Wims,WR
Jeff Badet,WR
JoJo Natson,WR
Joe Reed,WR
John Hightower,WR
John Lovett,QB
Jordan Reed,TE
Jordan Thomas,TE
Josh Adams,RB
Josh Hill,TE
Josh Malone,WR
Julian Edelman,WR
Kahale Warring,TE
KeeSean Johnson,WR
Kerryon Johnson,RB
Lamar Miller,RB
Larry Fitzgerald,WR
Lawrence Cager,WR
LeSean McCoy,RB
LeVante Bellamy,RB
Levine Toilolo,TE
Luke Willson,TE
Lynn Bowden,RB
Malcolm Perry,RB
Marcus Baugh,TE
Matt Barkley,QB
Matt Schaub,QB
Nick Keizer,TE
Olabisi Johnson,WR
Philip Rivers,QB
Rico Dowdle,RB
Rico Gafford,WR
Riley Ridley,WR
Robert Foster,WR
Robert Griffin,QB
Ryan Finley,QB
Ryan Izzo,TE
Senorise Perry,RB
Seth DeValve,TE
Seth Roberts,WR
Stephen Carlson,TE
Steven Mitchell,WR
T.J. Yeldon,RB
Taiwan Jones,RB
Tarik Cohen,RB
Taywan Taylor,WR
Ted Ginn,WR
Temarrick Hemingway,TE
Terry Godwin,WR
Theo Riddick,RB
Todd Gurley,RB
Tommy Stevens,TE
Tony Brooks-James,RB
Travis Fulgham,WR
Trey Burton,TE
Troy Fumagalli,TE
Troymaine Pope,RB
Tyler Bray,QB
Tyler Eifert,TE
Tyler Ervin,RB
Vance McDonald,TE
Virgil Green,TE
Alex Tanney,QB
Alexander Hollins,WR
Allen Hurns,WR
Andre Patton,WR
Ben Braunecker,TE
Ben Koyack,TE
Benjamin Watson,TE
Bilal Powell,RB
Blake Bortles,QB
Bobo Wilson,WR
Brett Hundley,QB
C.J. Anderson,RB
Chad Williams,WR
Charles Clay,TE
Charles Jones,TE
Chris Lacy,WR
Clive Walford,TE
Cody Core,WR
Cody Latimer,WR
Da'Mari Scott,WR
Dalyn Dawkins,RB
Damion Willis,WR
Darius Jennings,WR
Darren Sproles,RB
David Fales,QB
De'Anthony Thomas,WR
De'Lance Turner,RB
DeAndrew White,WR
Delanie Walker,TE
Demaryius Thomas,WR
Deon Cain,WR
Derrius Guice,RB
Devin Funchess,TE
Devlin Hodges,QB
Duke Williams,WR
Dwayne Harris,WR
Eli Manning,QB
Fred Brown,WR
Geremy Davis,WR
Hale Hentges,TE
Ishmael Hyman,WR
J.J. Nelson,WR
Jarius Wright,WR
Jaron Brown,WR
Javorius Allen,RB
Jay Ajayi,RB
Jeff Heuerman,TE
John Franklin,WR
John Ursua,WR
Johnny Holton,WR
Jon Hilliman,RB
Jordan Matthews,WR
Jordan Scarlett,RB
Josh Bellamy,WR
Josh Ferguson,RB
Josh McCown,QB
Joshua Perkins,TE
Justin Hardy,WR
Keelan Doss,WR
Kelvin Harmon,WR
Kerrith Whyte,RB
Krishawn Hogan,WR
Lance Kendricks,TE
Luke Falk,QB
Marcell Ateman,WR
Marqise Lee,WR
Marshawn Lynch,RB
Matt LaCosse,TE
Matt Moore,QB
Matt Slater,WR
Michael Crabtree,WR
Michael Walker,WR
Nick O'Leary,TE
Paul Perkins,RB
Paul Richardson,WR
Quincy Enunwa,WR
Rashard Davis,WR
Rhett Ellison,TE
Robert Davis,WR
Ross Travis,TE
Russell Shepard,WR
Ryan Grant,WR
Ryan Griffin,QB
Ryan Switzer,WR
Scott Simonson,TE
Sean Culkin,TE
Spencer Ware,RB
T.J. Jones,WR
T.J. Logan,RB
Taylor Gabriel,WR
Tevin Jones,WR
Tra Carson,RB
Trevor Davis,WR
Trey Edmunds,RB
Trey Quinn,WR
Tyrone Swoopes,TE
Ventell Bryant,WR
Vernon Davis,TE
Wes Hills,RB
Will Grier,QB
Xavier Grimble,TE
Zach Zenner,RB
A.J. Derby,TE
Alan Cross,TE
Aldrick Robinson,WR
Alfred Blue,RB
Andre Holmes,WR
Andrew Luck,QB
Andy Jones,WR
Antonio Gates,TE
Austin Seferian-Jenkins,TE
Benny Cunningham,RB
Bradley Sowell,TE
Brandon LaFell,WR
Brandon Marshall,WR
Brandon Weeden,QB
Brandon Wilds,RB
Brian Parker,TE
Brian Quick,WR
Brice Butler,WR
Brock Osweiler,QB
Bruce Ellington,WR
Byron Marshall,RB
Cam Phillips,WR
Cameron Artis-Payne,RB
Cameron Meredith,WR
Chad Kelly,QB
Charcandrick West,RB
Charone Peake,WR
Chris Ivory,RB
Christine Michael,RB
Cody Kessler,QB
Cole Wick,TE
Corey Coleman,WR
Corey Grant,RB
Darius Jackson,RB
Darrius Heyward-Bey,WR
Darvin Kidsy,WR
Dave Williams,RB
David Fluellen,RB
David Grinnage,TE
David Morgan,TE
De'Angelo Henderson Sr.,RB
DeShone Kizer,QB
Deonte Thompson,WR
Derek Anderson,QB
Derrick Willies,WR
Detrez Newsome,RB
Dion Sims,TE
Doug Baldwin,WR
Doug Martin,RB
Dwayne Allen,TE
Ed Dickson,TE
Eli Rogers,WR
Elijah McGuire,RB
Erik Swoope,TE
Freddie Martino,WR
Garrett Celek,TE
Hakeem Valles,TE
Isaiah Crowell,RB
J'Mon Moore,WR
J.J. Jones,WR
Jacquizz Rodgers,RB
Jalen Tolliver,WR
Jamaal Charles,RB
Jawill Davis,WR
Jehu Chesson,WR
Jeremy Hill,RB
Jeremy Kerley,WR
Jeremy Langford,RB
Jermaine Gresham,TE
Jermaine Kearse,WR
Jerome Cunningham,TE
Joe Webb,QB
John Phillips,TE
Jonathan Stewart,RB
Jordan Franks,TE
Jordan Leggett,TE
Jordy Nelson,WR
Josh Doctson,WR
Justin Davis,RB
Justin Hunter,WR
Kamar Aiken,WR
Kapri Bibbs,RB
Keith Ford,RB
Kelvin Benjamin,WR
Kenneth Dixon,RB
Keon Hatcher,WR
Khari Lee,TE
Kyle Lauletta,QB
LeGarrette Blount,RB
Leonte Carroo,WR
Logan Paulsen,TE
Marcus Murphy,RB
Mark Sanchez,QB
Martavis Bryant,WR
Matt Cassel,QB
Matt Flanagan,TE
Matt Lengel,TE
Maurice Harris,WR
Michael Floyd,WR
Michael Roberts,TE
Mike Gillislee,RB
Mike Wallace,WR
Neal Sterling,TE
Nick Williams,WR
Niles Paul,TE
Orson Charles,TE
Pierre Garcon,WR
Rashad Greene,WR
Rico Gathers,TE
Riley McCarron,WR
Rishard Matthews,WR
Rob Kelley,RB
Robert Turbin,RB
Roc Thomas,RB
Rod Smith,RB
Rod Streater,WR
Ryan Hewitt,TE
Sam Bradford,QB
Sammie Coates,WR
Shaun Wilson,RB
Shelton Gibson,WR
Stacy Coley,WR
Stevan Ridley,RB
Taquan Mizzell,RB
Terrance Williams,WR
Terrelle Pryor,WR
Tim White,WR
Torrey Smith,WR
Travaris Cadet,RB
Victor Bolden,WR
Akeem Hunt,RB
Amara Darboh,WR
Andre Ellington,RB
Andre Williams,RB
Anthony Fasano,TE
ArDarius Stewart,WR
Arrelious Benn,WR
Austin Davis,QB
Austin Traylor,TE
Bernard Reedy,WR
Bobby Rainey,RB
Branden Oliver,RB
Brandon Coleman,WR
Brandon Tate,WR
Brandon Williams,TE
Braxton Miller,WR
Brent Celek,TE
Brenton Bersin,WR
Brittan Golden,WR
Bronson Hill,RB
Bryce Petty,QB
Bryce Treggs,WR
C.J. Fiedorowicz,TE
C.J. Spiller,RB
Carson Palmer,QB
Charles Sims,RB
Chris Johnson,RB
Chris Matthews,WR
Chris Thompson,WR
Cobi Hamilton,WR
Coby Fleener,TE
Cole Hikutini,TE
Danny Woodhead,RB
Darius Powe,WR
Darren McFadden,RB
De'Veon Smith,RB
DeMarco Murray,RB
Devante Mays,RB
Drew Stanton,QB
EJ Manuel,QB
Ed Eagan,WR
Eddie Lacy,RB
Emanuel Byrd,TE
Eric Decker,WR
Eric Weems,WR
Fitzgerald Toussaint,RB
Fozzy Whittaker,RB
Gabe Holmes,TE
Griff Whalen,WR
Harry Douglas,WR
Hunter Sharp,WR
Ifeanyi Momah,TE
Isaac Whitney,WR
Jaelen Strong,WR
Jake Rudock,QB
James Hanna,TE
Jared Abbrederis,WR
Jay Cutler,QB
Jay Prosch,RB
Jeff Cumberland,TE
Jeff Janis,WR
Jerell Adams,TE
Jeremy Maclin,WR
Joe Callahan,QB
Jordan Leslie,WR
Jordan Taylor,WR
Julius Thomas,TE
K.J. Brent,WR
Kaelin Clay,WR
Kasen Williams,WR
Kellen Clemens,QB
Kendall Wright,WR
Kenny Britt,WR
Kerwynn Williams,RB
Kevin Hogan,QB
Lance Dunbar,RB
Landry Jones,QB
Larry Pinkard,WR
LeShun Daniels,RB
Louis Murphy,WR
Mack Brown,RB
MarQueis Gray,TE
Markus Wheaton,WR
Marquis Bundy,WR
Martellus Bennett,TE
Matt Dayes,RB
Matt Forte,RB
Matt Hazel,WR
Matt Jones,RB
Max McCaffrey,WR
Michael Campanaro,WR
Michael Clark,WR
Michael Hoomanawanui,TE
Orleans Darkwa,RB
Paxton Lynch,QB
Phillip Supernaw,TE
Quan Bray,WR
Randall Telfer,TE
Ricardo Louis,WR
Roger Lewis,WR
Ryan Malleck,TE
Ryan Mallett,QB
Scott Tolzien,QB
Sean McGrath,TE
Shane Vereen,RB
T.J. Yates,QB
Tanner McEvoy,WR
Tavarres King,WR
Terrance West,RB
Terrell Watson,RB
Terron Ward,RB
Thomas Rawls,RB
Tion Green,RB
Tom Savage,QB
Travis Rudolph,WR
Tre McBride,WR
Troy Niklas,TE
Vince Mayle,WR
Will Tye,TE
Zach Miller,TE
Aaron Burbridge,WR
Alex Ellis,TE
Andre Johnson,WR
Andrew Hawkins,WR
Anquan Boldin,WR
Antone Smith,RB
Antonio Andrews,RB
Arian Foster,RB
Bradley Marquez,WR
Braedon Bowman,TE
Bralon Addison,WR
Brandon Bostick,TE
Brandon Burks,RB
Brandon Myers,TE
Bryan Walters,WR
Cardale Jones,QB
Cecil Shorts,WR
Cedric Peerman,RB
Charles D. Johnson,WR
Charlie Whitehurst,QB
Chase Reynolds,RB
Chris Harper,WR
Clay Harbor,TE
Colin Kaepernick,QB
Connor Cook,QB
Connor Hamlett,TE
Corey Brown,WR
Crockett Gillmore,TE
Daniel Braverman,WR
Daniel Lasco,RB
Daryl Richardson,RB
David Johnson,TE
DeAndre Smelter,WR
DeAngelo Williams,RB
DeMarcus Ayers,WR
Denard Robinson,RB
Dennis Pitta,TE
Devin Street,WR
Dexter McCluster,WR
Dezmin Lewis,WR
Dominique Jones,TE
Don Jackson,RB
Dorial Green-Beckham,WR
DuJuan Harris,RB
Eddie Royal,WR
Gary Barnidge,TE
Gavin Escobar,TE
George Atkinson,RB
George Farmer,RB
Gerald Christian,TE
Greg Salas,WR
Henry Krieger-Coble,TE
Isaac Fruechte,WR
Isaiah Burse,WR
Isaiah Pead,RB
Jace Amaro,TE
Jacob Tamme,TE
Jalin Marshall,WR
James Starks,RB
James Wright,WR
Je'Ron Hamm,TE
Jeremy Butler,WR
Jeremy Ross,WR
Joe Banyard,RB
Joique Bell,RB
Jonathan Grimes,RB
Jordan Cameron,TE
Jordan Norwood,WR
Jordan Payton,WR
Jordan Todman,RB
Josh Huff,WR
Justin Forsett,RB
Justin Perillo,TE
Juwan Thompson,RB
Ka'Deem Carey,RB
Keith Mumphery,WR
Kellen Davis,TE
Kenneth Farrow,RB
Khiry Robinson,RB
Knile Davis,RB
Ladarius Green,TE
Larry Donnell,TE
Lorenzo Taliaferro,RB
Lucky Whitehead,WR
Malcolm Johnson,RB
Malcolm Mitchell,WR
Marc Mariani,WR
Marquess Wilson,WR
Matt Asiata,RB
Matt McGloin,QB
Matthew Mulligan,TE
Mike James,RB
Mychal Rivera,TE
Paul McRoberts,WR
Paul Turner,WR
Percy Harvin,WR
Quinton Patton,WR
Rashad Jennings,RB
Rashad Ross,WR
Reggie Bush,RB
Ronnie Hillman,RB
Ryan Mathews,RB
Shane Wynn,WR
Shaun Draughn,RB
Shaun Hill,QB
Stepfan Taylor,RB
Steve Smith,WR
Terrence Magee,RB
Tim Hightower,RB
Tony Romo,QB
Tony Washington,WR
Trevone Boykin,QB
Victor Cruz,WR
Vincent Jackson,WR
Walt Powell,WR
Wendall Williams,WR
Aaron Dobson,WR
Ahmad Bradshaw,RB
Alex Smith,TE
Alonzo Harris,RB
Andre Caldwell,WR
Andrew Quarless,TE
Andrew Turzilli,WR
Anthony Dixon,RB
Asante Cleveland,TE
B.J. Daniels,WR
Ben Edwards,WR
Bernard Pierce,RB
Bishop Sankey,RB
Brandon Pettigrew,TE
Brian Hartline,WR
Brian Leonhardt,TE
Bryce Brown,RB
Calvin Johnson,WR
Chandler Worthy,WR
Chase Coffman,TE
Chris Givens,WR
Chris Gragg,TE
Chris Owusu,WR
Chris Polk,RB
Cierre Wood,RB
Cooper Helfet,TE
Corey Fuller,WR
Cory Harkey,TE
Craig Stevens,TE
Damaris Johnson,WR
Dan Herron,RB
Dan Orlovsky,QB
Daniel Fells,TE
David Cobb,RB
Donald Brown,RB
Donteea Dye,WR
Dwayne Bowe,WR
E.J. Bibbs,TE
Fred Jackson,RB
Garrett Graham,TE
George Winn,RB
Glenn Winston,RB
Greg Jennings,WR
Hakeem Nicks,WR
Heath Miller,TE
Jake Stoneburner,TE
James Jones,WR
Jarryd Hayne,RB
Jason Avant,WR
Javontee Herndon,WR
Jerome Simpson,WR
Jerricho Cotchery,WR
Jim Dray,TE
Jimmy Clausen,QB
John Crockett,RB
Johnny Manziel,QB
Jonas Gray,RB
Jonathan Krause,WR
Joseph Randle,RB
Josh Freeman,QB
Josh Robinson,RB
Karlos Williams,RB
Kellen Moore,QB
Kenbrell Thompkins,WR
Kendall Gaskins,RB
Kendall Hunter,RB
Keshawn Martin,WR
Kevin Norwood,WR
Kevin Smith,WR
Lance Moore,WR
Leonard Hankerson,WR
Luke McCown,QB
Malcom Floyd,WR
Marcus Easley,WR
Marcus Thigpen,WR
Mario Alford,WR
Marlon Brown,WR
Marlon Moore,WR
Marques Colston,WR
Matt Hasselbeck,QB
Matt Spaeth,TE
Michael Williams,TE
Mike Vick,QB
Miles Austin,WR
Myles White,WR
Nate Washington,WR
Nic Jacobs,TE
Owen Daniels,TE
Peyton Manning,QB
Pierre Thomas,RB
Preston Parker,WR
Ricardo Lockette,WR
Rico Richardson,WR
Riley Cooper,WR
Rob Housler,TE
Roddy White,WR
Roy Helu,RB
Rueben Randle,WR
Ryan Lindley,QB
Ryan Nassib,QB
Scott Chandler,TE
Sean Renfree,QB
Seantavius Jones,WR
Seyi Ajirotutu,WR
Stedman Bailey,WR
Steve Johnson,WR
Steven Jackson,RB
Tarvaris Jackson,QB
Timothy Wright,TE
Toby Gerhart,RB
Tony Moeaki,TE
Tre Mason,RB
Trevor Graham,WR
Trey Williams,RB
Tyler Murphy,WR
Tyler Varga,RB
Vincent Brown,WR
Wes Welker,WR
Will Johnson,RB
Zac Stacy,RB
Zach Mettenberger,QB
Zurlon Tipton,RB
A.J. Jenkins,WR
Ace Sanders,WR
Adrien Robinson,TE
Alfonso Smith,RB
Austin Pettis,WR
Bear Pascoe,TE
Ben Tate,RB
Brad Smith,QB
Brandon Gibson,WR
Brandon Lloyd,WR
Brian Leonard,RB
Brian Tyms,WR
Bruce Gradkowski,QB
Chase Ford,TE
Chris Ogbonnaya,RB
Chris Williams,WR
Christian Ponder,QB
Connor Shaw,QB
Corey Washington,WR
Courtney Roby,WR
Cyrus Gray,RB
Damian Williams,WR
Dane Sanzenbacher,WR
Daniel Thomas,RB
Dante Rosario,TE
Darrin Reaves,RB
David Ausberry,TE
David Nelson,WR
De'Andre Presley,WR
DeVier Posey,WR
Denarius Moore,WR
Derek Hagan,WR
Devin Hester,WR
Donnie Avery,WR
Dri Archer,RB
Edwin Baker,RB
Frankie Hammond,WR
Gator Hoskins,TE
Gerell Robinson,TE
Greg Little,WR
Jackie Battle,RB
Jacoby Jones,WR
Jake Locker,QB
Jalen Parmele,RB
Jalen Saunders,WR
Jarrett Boykin,WR
Jason Campbell,QB
Jeremy Stewart,RB
Jerrel Jernigan,WR
Joe McKnight,RB
John Carlson,TE
John Conner,RB
Jonathan Dwyer,RB
Jordan Palmer,QB
Jordan Thompson,TE
Joseph Fauria,TE
Joseph Morgan,WR
Josh Cribbs,WR
Josh Harris,RB
Josh Morgan,WR
Junior Hemingway,WR
Justin Brown,WR
Kassim Osgood,WR
Kevin Brock,TE
Kevin Dorsey,WR
Kevin Ogletree,WR
Knowshon Moreno,RB
Kris Durham,WR
Kyle Orton,QB
LaMichael James,RB
Leon Washington,RB
Marcel Jensen,TE
Marion Grice,RB
Matt Flynn,QB
Matt Simms,QB
Maurice Jones-Drew,RB
Michael Cox,RB
Michael Palmer,TE
Micheal Spurlock,WR
Mickey Shuler,TE
Mike Brown,WR
Montee Ball,RB
Nick Toon,WR
Peyton Hillis,RB
Ray Agnew,RB
Reggie Wayne,WR
Richard Gordon,TE
Robert Herron,WR
Robert Hughes,RB
Robert Meachem,WR
Rodney Smith,WR
Ronnie Brown,RB
Ryan Broyles,WR
Santana Moss,WR
Santonio Holmes,WR
Shonn Greene,RB
Silas Redd,RB
Solomon Patton,WR
Storm Johnson,RB
Tauren Poole,RB
Taylor Thompson,TE
Tommy Streeter,WR
Trey Watts,RB
Zach Sudfeld,TE
Alex Green,RB
Allen Reisner,TE
Andre Brown,RB
Armanti Edwards,WR
Armond Smith,RB
Austin Collie,WR
Ben Obomanu,WR
BenJarvus Green-Ellis,RB
Bernard Scott,RB
Billy Bajema,TE
Brandon Jacobs,RB
Brandon Stokley,WR
Brian Robiskie,WR
Chad Hall,WR
Chris Rainey,RB
Clyde Gates,WR
Collin Mooney,RB
Curtis Painter,QB
D.J. Williams,TE
Da'Rel Scott,RB
Da'Rick Rogers,WR
Dallas Clark,TE
Danny Noble,TE
Darius Johnson,WR
Darius Reynaud,WR
David Paulson,TE
David Reed,WR
David Wilson,RB
Davone Bess,WR
Deji Karim,RB
Dennis Johnson,RB
Derek Moye,WR
Domenik Hixon,WR
Dominique Davis,QB
Dorin Dickerson,TE
Drew Davis,WR
Earl Bennett,WR
Eric Page,WR
Evan Rodriguez,TE
Evan Royster,RB
Felix Jones,RB
Fred Davis,TE
Greg Jenkins,WR
Greg Jones,RB
Isaac Redman,RB
Jacoby Ford,WR
Jake Ballard,TE
Jeff Demps,RB
Jeff Tuel,QB
Jeremy Ebert,WR
Jermichael Finley,TE
Jeron Mastrud,TE
Joe Anderson,WR
Joel Dreessen,TE
Johnathan Franklin,RB
Jon Baldwin,WR
Josh Boyce,WR
Josh Cooper,WR
Josh Vaughan,RB
Julian Talley,WR
Juron Criner,WR
Justice Cunningham,TE
Justin Blackmon,WR
Kellen Winslow,TE
Kerry Taylor,WR
Kevin Cone,WR
Konrad Reuland,TE
Kory Sperry,TE
Kyle Williams,WR
LaRod Stephens-Howling,RB
LaVon Brazill,WR
Lamaar Thomas,WR
Lestar Jean,WR
Mario Manningham,WR
Marvin McNutt,WR
Michael Bush,RB
Michael Campbell,WR
Michael Egnew,TE
Michael Hill,RB
Michael Preston,WR
Mike Goodson,RB
Mike McNeill,TE
Mikel Leshoure,RB
Nate Burleson,WR
Nate Byham,TE
Nick Kasa,TE
Pat Edwards,WR
Phillip Tanner,RB
Rashard Mendenhall,RB
Ray Graham,RB
Ray Rice,RB
Richie Brockel,TE
Ronnie Wingo,RB
Ryan Spadola,WR
Ryan Taylor,TE
Saalim Hakim,WR
Seneca Wallace,QB
Sidney Rice,WR
Skye Dawson,WR
Stephen Burton,WR
Stephen Hill,WR
Stephen Williams,WR
Tandon Doss,WR
Tashard Choice,RB
Thad Lewis,QB
Tiquan Underwood,WR
Tom Crabtree,TE
Tony Gonzalez,TE
Tony Scheffler,TE
Tori Gurley,WR
Trindon Holliday,WR
Vick Ballard,RB
Visanthe Shiancoe,TE
Weslye Saunders,TE
Willis McGahee,RB
Aaron Hernandez,TE
Anthony Allen,RB
Anthony Armstrong,WR
Anthony McCoy,TE
Armando Allen,RB
Armon Binns,WR
Baron Batch,RB
Beanie Wells,RB
Ben Hartsock,TE
Brad Smelley,TE
Brady Quinn,QB
Brandon Jackson,RB
Braylon Edwards,WR
Byron Leftwich,QB
Cedric Benson,RB
Charlie Batch,QB
Charly Martin,WR
Chaz Schilens,WR
Chris Cooley,TE
Chris Gronkowski,RB
Curtis Brinkley,RB
D.J. Ware,RB
Danario Alexander,WR
David Carr,QB
David Gilreath,WR
David Thomas,TE
Dedrick Epps,TE
Deion Branch,WR
Delone Carter,RB
Devery Henderson,WR
Devin Aromashodu,WR
Devon Wylie,WR
Dezmon Briscoe,WR
Donald Driver,WR
Donald Jones,WR
Donte' Stallworth,WR
Dustin Keller,TE
Early Doucet,WR
Evan Moore,TE
Graham Harrell,QB
Greg Camarillo,WR
Greg McElroy,QB
Hayden Smith,TE
Isaiah Stanback,TE
Jabar Gaffney,WR
Jacob Hester,RB
Jake O'Connell,TE
Jamar Newsome,WR
Jamie Harper,RB
Jason Hill,WR
Javon Ringer,RB
Jeff King,TE
Joe Adams,WR
John Skelton,QB
Johnny White,RB
Jordan Shipley,WR
Jordan White,WR
Kahlil Bell,RB
Kealoha Pilares,WR
Keiland Williams,RB
Keith Toston,RB
Kevin Boss,TE
Kevin Elliott,WR
Kevin Kolb,QB
Kevin Smith,RB
Kevin Walter,WR
Kregg Lumpkin,RB
Kris Adams,WR
Kyle Adams,TE
LaRon Byrd,WR
Lance Ball,RB
Laurent Robinson,WR
Lavelle Hawkins,WR
Legedu Naanee,WR
Leonard Pope,TE
Mardy Gilyard,WR
Matt Leinart,QB
Matt Willis,WR
Mewelde Moore,RB
Michael Jenkins,WR
Michael Turner,RB
Mike Higgins,TE
Mohamed Massaquoi,WR
Montario Hardesty,RB
Montell Owens,RB
Nathan Palmer,WR
Owen Marecic,RB
Patrick Turner,WR
Plaxico Burress,WR
Ramses Barden,WR
Randy McMichael,TE
Randy Moss,WR
Richard Goodman,WR
Richard Murphy,RB
Rusty Smith,QB
Ruvell Martin,WR
Ryan Grant,RB
Ryan Whalen,WR
Ryan Williams,RB
Sammie Stroughter,WR
Shaun Chapas,RB
Stefan Logan,WR
Steve Breaston,WR
Terrance Copper,WR
Tim Tebow,TE
Titus Young,WR
Todd Heap,TE
Tommy Gallarda,TE
Toney Clemons,WR
Travis Beckum,TE
Trent Edwards,QB
Tyler Thigpen,QB
Will Heller,TE
William Powell,RB
Zach Potter,TE
A.J. Feeley,QB
Aaron Brown,RB
Adrian Arrington,WR
Anthony Becht,TE
Anthony Gonzalez,WR
Anthony Hill,TE
Arnaz Battle,WR
Bernard Berrian,WR
Billy Volek,QB
Brandon Saine,RB
Brett Swain,WR
Brock Bolen,RB
Brody Eldridge,TE
Bryant Johnson,WR
Cadillac Williams,RB
Caleb Hanie,QB
Cameron Morrah,TE
Carlton Mitchell,WR
Chad Johnson,WR
Chansi Stuckey,WR
Chastin West,WR
Chauncey Washington,RB
Chester Taylor,RB
Chris Redman,QB
Colin Cloherty,TE
Colin Cochart,TE
Collin Franklin,TE
Daniel Graham,TE
David Anderson,WR
DeMarco Sampson,WR
Deon Butler,WR
Derrick Mason,WR
Derrick Ward,RB
Devin Thomas,WR
Donald Lee,TE
Donovan McNabb,QB
Earnest Graham,RB
Eddie Williams,RB
Emmanuel Arceneaux,WR
Fendi Onobun,TE
Hines Ward,WR
J.P. Losman,QB
Jahvid Best,RB
Jake Delhomme,QB
Jarett Dillard,WR
Jeremiah Johnson,RB
Jeremy Horne,WR
Jeremy Shockey,TE
Jerheme Urban,WR
Jerious Norwood,RB
Jerome Harrison,RB
Jesse Holley,WR
Jimmy Kleinsasser,TE
Joe Hastings,WR
John Beck,QB
John Clay,RB
John Gilmore,TE
Johnny Knox,WR
Jon Kitna,QB
Joseph Addai,RB
Josh Baker,TE
Justin Peelle,TE
Keary Colbert,WR
Kerry Collins,QB
Kerry Meier,WR
Kevin Faulk,RB
Kyle Boller,QB
LaDainian Tomlinson,RB
LaQuan Williams,WR
Larry Johnson,RB
Lee Evans,WR
Lorenzo Booker,RB
Manase Tonga,RB
Marion Barber,RB
Mark Brunell,QB
Mark Clayton,WR
Martin Rucker,TE
Maurice Morris,RB
Maurice Stovall,WR
Michael Clayton,WR
Mike Caussin,TE
Mike Kafka,QB
Mike Sellers,TE
Mike Sims-Walker,WR
Mossis Madu,RB
Naaman Roosevelt,WR
Nick Miller,WR
Patrick Crayton,WR
Quinn Porter,RB
Rashied Davis,WR
Reggie Kelly,TE
Rex Grossman,QB
Richard Bartel,QB
Ricky Williams,RB
Rock Cartwright,RB
Roscoe Parrish,WR
Roy Williams,WR
Ryan Torain,RB
Sam Hurd,WR
Sammy Morris,RB
Stephen McGee,QB
Stephen Spach,TE
Steve Slaton,RB
T.J. Houshmandzadeh,WR
Taylor Price,WR
Terrence Austin,WR
Thomas Clayton,RB
Thomas Jones,RB
Tom Brandstater,QB
Tyler Palko,QB
Vince Young,QB
Zack Pianalto,TE
Albert Young,RB
Alge Crumpler,TE
Antwaan Randle El,RB
Ben Patrick,TE
Blair White,WR
Bo Scaife,TE
Brandon James,WR
Brandon Manumaleuna,TE
Brett Favre,QB
Brian Brohm,QB
Brian Clark,WR
Brian Finneran,WR
Brian St. Pierre,QB
Brian Westbrook,RB
Brodie Croyle,QB
Chad Pennington,QB
Chris Baker,TE
Chris Chambers,WR
Clinton Portis,RB
Correll Buckhalter,RB
Craig Davis,WR
Dan Gronkowski,TE
Daniel Coats,TE
Darcy Johnson,TE
David Clowney,WR
David Garrard,QB
David Gettis,WR
David Martin,TE
Demetrius Williams,WR
Dennis Dixon,QB
Derrick Williams,WR
Desmond Clark,TE
Devin Moore,RB
Dimitri Nance,RB
Dominic Rhodes,RB
Dominique Zeigler,WR
Duke Calhoun,WR
Dwayne Jarrett,WR
Eldra Buckley,RB
Ernest Wilford,WR
Fred Taylor,RB
Garrett Mills,TE
Garrett Wolfe,RB
Gartrell Johnson,RB
Gary Banks,WR
Gijon Robinson,TE
Greg Lewis,WR
Hank Baskett,WR
James Davis,RB
Jason Wright,RB
Javarris James,RB
Jeff Dugan,TE
Jehuu Caulcrick,RB
Jerome Johnson,RB
Jerramy Stevens,TE
Joey Galloway,WR
John Matthews,WR
Johnnie Lee Higgins,WR
Jonathan Stupar,TE
Julius Jones,RB
Justin Gage,WR
Kareem Huggins,RB
Kelley Washington,WR
Kenneth Darby,RB
Kevin Curtis,WR
Korey Hall,RB
Kris Wilson,TE
Ladell Betts,RB
Laurence Maroney,RB
Levi Brown,QB
Manuel Johnson,WR
Max Hall,QB
Max Komar,WR
Michael Bennett,RB
Mike Bell,RB
Mike Hart,RB
Moran Norris,RB
Patrick Cobbs,RB
Paul Hubbard,WR
Quan Cosby,WR
Quinton Ganther,RB
Richard Quinn,TE
Robert Royal,TE
Roberto Wallace,WR
Roydell Williams,WR
Ryan Purvis,TE
Sage Rosenfels,QB
Sam Aiken,WR
Shawn Nelson,TE
Taj Smith,WR
Terrell Owens,WR
Todd Bouman,QB
Todd Collins,QB
Tony Pike,QB
Tory Humphrey,TE
Troy Smith,QB
Tyrell Sutton,RB
Verran Tucker,WR
Yamon Figurs,WR
Aaron Stecker,RB
Ahman Green,RB
Andre Davis,WR
Antonio Bryant,WR
Bobby Engram,WR
Bobby Wade,WR
Brad Cottam,TE
Brandon Jones,WR
Carey Davis,RB
Casey Fitzsimmons,TE
Chad Simpson,RB
Charlie Frye,QB
Chris Brown,RB
Chris Henry,WR
Chris Jennings,RB
Chris Simms,QB
Clifton Smith,RB
Dantrell Savage,RB
Darnell Dinkins,TE
Daunte Culpepper,QB
DeShawn Wynn,RB
Dennis Northcutt,WR
Derek Fine,TE
Derek Schouman,TE
Edgerrin James,RB
Gary Russell,RB
Glen Coffee,RB
Greg Estandia,TE
Isaac Bruce,WR
J.P. Foschi,TE
J.T. O'Sullivan,QB
JaMarcus Russell,QB
Jake Allen,WR
Jamal Lewis,RB
James Hardy,WR
Jason McKie,RB
Javarris Williams,RB
Jaymar Johnson,WR
Jeff Garcia,QB
Joe Klopfenstein,TE
Joey Haynos,TE
John Owens,TE
John Standeford,WR
Jordan Kent,WR
Josh Reed,WR
Justin Fargas,RB
Justin Griffith,RB
Justin Harper,WR
Justin Jenkins,WR
Keenan Burton,WR
Keith Null,QB
Keith Zinger,TE
Kenny Moore,WR
Kolby Smith,RB
Kory Sheets,RB
Kurt Warner,QB
Kyle Eckel,RB
L.J. Smith,TE
LaMont Jordan,RB
Lance Long,WR
Laveranues Coles,WR
LenDale White,RB
Limas Sweed,WR
Louis Rankin,RB
Lynell Hamilton,RB
Malcolm Kelly,WR
Marc Bulger,QB
Marcus Mason,RB
Mark Bradley,WR
Mark Jones,WR
Marko Mitchell,WR
Marty Booker,WR
Matt Gutierrez,QB
Matt Lawrence,RB
Maurice Purify,WR
Michael Gaines,TE
Michael Matthews,TE
Mike Furrey,WR
Muhsin Muhammad,WR
Nate Hughes,WR
Pat White,QB
Reggie Brown,WR
Ryan Moats,RB
Samkon Gado,RB
Samuel Giguere,WR
Sean Morey,WR
Sean Ryan,TE
Sinorice Moss,WR
Spencer Havner,TE
Steve Heiden,TE
Tim Carter,WR
Todd Watkins,WR
Todd Yoder,TE
Tom Santi,TE
Tony Stewart,TE
Torry Holt,WR
Troy Williamson,WR
Tyler Grisham,WR
Wallace Wright,WR
Willie Parker,RB
Xavier Omon,RB
Alvin Pearman,RB
Amani Toomer,WR
Andre Hall,RB
Andrew Walter,QB
Antonio Chatman,WR
Antonio Pittman,RB
Ashley Lelie,WR
Aundrae Allison,WR
Aveion Cason,RB
Ben Utecht,TE
Billy McMullen,WR
Billy Miller,TE
Brad Johnson,QB
Brandon London,WR
Brandon Middleton,WR
Brian Griese,QB
Brock Berlin,QB
Brooks Bollinger,QB
Bubba Franks,TE
Buck Ortega,TE
Cecil Sapp,RB
Chad Jackson,WR
Charles Ali,RB
Chris Davis,WR
Chris Henry,RB
Chris Perry,RB
Chris Taylor,RB
Cleo Lemon,QB
Courtney Taylor,WR
D.J. Hackett,WR
Dallas Baker,WR
Damon Huard,QB
Dan Campbell,TE
Dan Klecko,RB
Dane Looker,WR
Daniel Wilcox,TE
Dante Hall,WR
Darrell Jackson,WR
David Patten,WR
DeDe Dorsey,RB
DeShaun Foster,RB
Derek Stanley,WR
Deuce McAllister,RB
Devard Darling,WR
Drew Bennett,WR
Drew Henson,QB
George Wrighster,TE
Glenn Holt,WR
Glenn Martinez,WR
Gus Frerotte,QB
Ike Hilliard,WR
J.J. Arrington,RB
Jameel Cook,RB
James Johnson,RB
James Thrash,WR
Jason Davis,RB
Jason Rader,TE
Javon Walker,WR
Jeff Webb,WR
Jerame Tuman,TE
Jerry Porter,WR
Jesse Chatman,RB
Jim Sorgi,QB
Justin McCareins,WR
Ken Dorsey,QB
Kenny Watson,RB
Kevin Jones,RB
Kevin O'Connell,QB
Koren Robinson,WR
Logan Payne,WR
Mark Campbell,TE
Marques Hagans,WR
Marques Tuiasosopo,QB
Marvin Harrison,WR
Matt Jones,WR
Matt Schobel,TE
Michael Bumpus,WR
Michael Pittman,RB
Najeh Davenport,RB
Nate Jackson,WR
Nate Lawrie,TE
Nick Goings,RB
Olaniyi Sobomehin,RB
P.J. Pope,RB
Patrick Ramsey,QB
Paul Williams,WR
Quinn Gray,QB
Reggie Williams,WR
Richard Angulo,TE
Robert Ferguson,WR
Ronald Curry,WR
Roy Hall,WR
Rudi Johnson,RB
Sean McHugh,TE
Selvin Young,RB
Shaun Alexander,RB
Shaun McDonald,WR
Steve Sanders,WR
Syndric Steptoe,WR
T.J. Duckett,RB
Tatum Bell,RB
Thomas Tapeh,RB
Tony Curtis,TE
Tony Hunt,RB
Travis Minor,RB
Trent Green,QB
Warrick Dunn,RB
Will Franklin,WR
Aaron Halterman,TE
Aaron Moorehead,WR
Aaron Walker,TE
Adam Jennings,WR
Adimchinobe Echemandu,RB
Alex Haynes,RB
Andrew Pinnock,RB
Anthony Mix,WR
Anthony Thomas,RB
Anthony Wright,QB
Artose Pinner,RB
Ben Troupe,TE
Biren Ealy,WR
Brian Calhoun,RB
Brian Kozlowski,TE
Bryan Fletcher,TE
Bryan Gilmore,WR
Byron Storer,RB
Chad Lucas,WR
Chad Mustard,TE
Chris Barclay,RB
Chris McFoy,WR
Chris Weinke,QB
Christian Fauria,TE
Clifton Dawson,RB
Cory Ross,WR
Craig Nall,QB
Craphonso Thorpe,WR
Darius Walker,RB
David Tyree,WR
Dominique Byrd,TE
Drew Carter,WR
Dwayne Blakley,TE
Dwayne Wright,RB
Eddie Drummond,WR
Eddie Kennison,WR
Eric Johnson,TE
Eric Moulds,WR
Isaac Smolko,TE
Jamie Martin,QB
Jared Lorenzen,QB
Jason Dunn,TE
Jeb Putzier,TE
Jerome Mathis,WR
Joe Horn,WR
Joe Jurevicius,WR
Joe Kowalewski,TE
Joey Harrington,QB
John Broussard,WR
John Madsen,TE
Justin Green,RB
Keenan McCardell,WR
Kelly Holcomb,QB
Kenton Keith,RB
Kevin Everett,TE
Kyle Brady,TE
LaBrandon Toefield,RB
Lee Vickers,TE
Marcel Shipp,RB
Marcus Maxwell,WR
Marcus Pollard,TE
Martrez Milner,TE
Maurice Hicks,RB
Michael Gasperson,WR
Mike Anderson,RB
Musa Smith,RB
Oliver Hoyte,RB
Peerless Price,WR
Priest Holmes,RB
Quinn Sypniewski,TE
Reche Caldwell,WR
Reno Mahe,RB
Reuben Droughns,RB
Richard Owens,TE
Ron Dayne,RB
Ryan Krause,TE
Ryan Neufeld,TE
Ryne Robinson,WR
Samie Parker,WR
Shaun Bodiford,WR
Skyler Green,WR
Steve McNair,QB
Tab Perry,WR
Taylor Jacobs,WR
Tim Dwight,WR
Tim Hasselbeck,QB
Tim Massaquoi,TE
Tim Rattay,QB
Travis Henry,RB
Travis Taylor,WR
Trent Dilfer,QB
Troy Bienemann,TE
Troy Walters,WR
Tyson Thompson,RB
Vernand Morency,RB
Vinny Testaverde,QB
Willie Reid,WR
Zack Crockett,RB
Aaron Brooks,QB
Adam Bergen,TE
Alvis Whitted,WR
Arlen Harris,RB
Az-Zahir Hakim,WR
Bethel Johnson,WR
Brad Cieslak,TE
Brandon Childress,WR
Brandon Miree,RB
Brett Basanez,QB
Carlyle Holiday,WR
Cedric Cobbs,RB
Cedric Houston,RB
Chad Morton,RB
Chris Francies,WR
Ciatrick Fason,RB
Clarence Moore,WR
Cliff Russell,WR
Cooper Wallace,TE
Corey Bradford,WR
Corey Dillon,RB
Cortez Hankton,WR
Cory Schlesinger,RB
Courtney Anderson,TE
Damien Nash,RB
Dave Moore,TE
David Givens,WR
David Kircus,WR
Dee Brown,RB
Derrick Blaylock,RB
Derrick Lewis,WR
Derrick Ross,RB
Devale Ellis,WR
Doug Gabriel,WR
Doug Jolley,TE
Drew Bledsoe,QB
Edell Shepherd,WR
Eric Beverly,TE
Eric Parker,WR
Eric Shelton,RB
Ernie Conwell,TE
Fred McAfee,RB
Fred McCrary,RB
Gabe Reid,TE
Ingle Martin,QB
Itula Mili,TE
Jake Plummer,QB
Jamaal Branch,RB
Jamal Jones,WR
James Adkisson,WR
James Hodgins,RB
Jermaine Wiggins,TE
John Bronson,TE
Johnnie Morant,WR
Karl Hankton,WR
Kay-Jay Harris,RB
Kelvin Kight,WR
Kevan Barlow,RB
Keylon Kincade,RB
Keyshawn Johnson,WR
Kris Mangum,TE
Kyle Johnson,RB
Lamar Gordon,RB
Lee Suggs,RB
Marcus Robinson,WR
Mark Bruener,TE
Marlion Jackson,RB
Marquis Weeks,RB
Martin Nance,WR
Mike Jennings,WR
Noah Herron,RB
Obafemi Ayanbadejo,RB
Paris Warren,WR
Patrick Pass,RB
Quincy Wilson,RB
Ran Carthon,RB
Randal Williams,TE
ReShard Lee,RB
Reggie McNeal,WR
Rich Alexis,RB
Ricky Proehl,WR
Rod Gardner,WR
Rod Smith,WR
Ronnie Cruz,RB
Shaud Williams,RB
Shawn Bryson,RB
Stephen Alexander,TE
Stephen Davis,RB
Taye Biddle,WR
Terrence Wilkins,WR
Terry Glenn,WR
Tiki Barber,RB
Tony Fisher,RB
Travis Wilson,WR
Troy Brown,WR
Wali Lundy,RB
Walter Young,WR
Will Buchanon,WR
Aaron Shea,TE
Alan Ricard,RB
Alex Holmes,TE
Amos Zereoue,RB
Andrae Thurman,WR
Antowain Smith,RB
Bradlee Van Pelt,QB
Brett Pierce,TE
Brian Jones,TE
Bruce Perry,RB
Cameron Cleeland,TE
Chad Lewis,TE
Charles Lee,WR
Charles Rogers,WR
Charlie Adams,WR
Chris Horn,WR
Cody Pickett,QB
Curtis Martin,RB
Damien Anderson,RB
Dante Ridgeway,WR
Darius Watts,WR
Darnerien McCants,WR
David Boston,WR
Derick Armstrong,WR
Dez White,WR
Domanick Williams,RB
Dominique Thompson,WR
Donovan Morgan,WR
Doug Flutie,QB
Duce Staley,RB
Eddie Berlin,WR
Eric Edwards,TE
Erron Kinney,TE
Fred Beasley,RB
Frisman Jackson,WR
Gregg Guenther,TE
Jamal Robertson,RB
Jamel White,RB
James Jackson,RB
James Mungro,RB
Jarrett Payton,RB
Jarrod Baxter,RB
Jason McAddley,WR
Jay Fiedler,QB
Jeff Blake,QB
Jerome Bettis,RB
Jerome Pathon,WR
Jimmy Farris,WR
Jimmy Smith,WR
Joe Burns,RB
John Navarre,QB
Johnnie Morton,WR
Jonathan Smith,WR
Jonathan Wells,RB
Kevin Johnson,WR
Kliff Kingsbury,QB
Kordell Stewart,QB
Koy Detmer,QB
Lamont Hall,TE
LeRon McCoy,WR
Lorenzo Diamond,TE
Marc Boerigter,WR
Marcellus Rivers,TE
Marshall Faulk,RB
Matt Kranchick,TE
Matt Mauck,QB
Matt Murphy,TE
Mike Cloud,RB
Mike McMahon,QB
Moe Williams,RB
Nate Poole,WR
Nehemiah Broughton,RB
Nicolas Luchey,RB
O.J. Small,WR
Pat Johnson,WR
Paul Irons,TE
Paul Smith,RB
Peter Warrick,WR
Quincy Morgan,WR
Randy Hymes,WR
Rasheed Marshall,WR
Reggie Newhouse,WR
Robert Johnson,TE
Rod Smart,RB
Roland Williams,TE
Ryan Hannam,TE
Scott Vines,WR
Sean Berton,TE
Steve Bush,RB
Terrence Murphy,WR
Terry Jackson,RB
Terry Jones,TE
Teyo Johnson,TE
Tim Euhus,TE
Todd Devoe,WR
Tommy Maddox,QB
Tony Banks,QB
Trent Smith,TE
Troy Edwards,WR
Troy Fleming,RB
Tyrone Calico,WR
Walter Williams,RB
Wayne Chrebet,WR
Wesley Duke,TE
William Green,RB
Willie Ponder,WR
Zach Hilton,TE
Alex Bannister,WR
Andre King,WR
B.J. Sams,RB
Ben Steele,TE
Bill Schroeder,WR
Billy Baber,TE
Bobby Shaw,WR
Boo Williams,WR
Brad Pyatt,WR
Brandon Bennett,RB
Brock Forsey,RB
Chad Hutchinson,QB
Charlie Garner,RB
Chris Chandler,QB
Chris Fuamatu-Ma'afala,RB
Craig Krenzel,QB
Curtis Conway,WR
Dante Brown,RB
Darrell Hill,WR
Daryl Jones,WR
David Allen,RB
David Terrell,WR
Dedric Ward,WR
Derrick Hamilton,WR
Derrius Thompson,WR
Dorsey Levens,RB
Doug Easlick,RB
Doug Johnson,QB
Doug Pederson,QB
Dustin Lyman,TE
Eddie George,RB
Emmitt Smith,RB
Eric McCoo,RB
Freddie Jones,TE
Freddie Mitchell,WR
Garrison Hearst,RB
George Layne,RB
Greg Comella,RB
Ian Smart,RB
J.R. Redmond,RB
Jake Schifino,WR
Jamaar Taylor,WR
Jamar Martin,RB
Jasen Isom,RB
Jay Riemersma,TE
Jed Weaver,TE
Jermaine Lewis,WR
Jerry Rice,WR
Joey Goodspeed,RB
Joey Harris,RB
John Stone,WR
Jonathan Carter,WR
Jonathan Quinn,QB
Josh Scobey,RB
Karl Williams,WR
Keenan Howry,WR
Keith Heinrich,TE
Kelly Campbell,WR
Ken Dilger,TE
Kerry Carter,RB
Kevin Kasper,WR
Kevin Ware,TE
Ki-Jana Carter,RB
Larry Croom,RB
Larry Ned,RB
Lee Mays,WR
Leonard Henry,RB
Matt Cushing,TE
Micah Ross,WR
Michael L. Lewis,WR
Mike Seidman,TE
Omar Easy,RB
Onterrio Smith,RB
P.J. Fleck,WR
Patrick Hape,TE
Quentin Griffin,RB
Quincy Carter,QB
Rabih Abdullah,RB
Rashaun Woods,WR
Reggie Swinton,WR
Rich Gannon,QB
Richard Alston,WR
Richard Smith,WR
Rickey Dudley,TE
Rod Trafford,TE
Rodney Peete,QB
Rohan Davey,QB
Ronald Bellamy,WR
Shad Meier,TE
Shane Matthews,QB
Shaun King,QB
Stanley Pritchett,RB
Stephen Trejo,RB
Tai Streets,WR
Talman Gardner,WR
Tim Brown,WR
Todd Pinkston,WR
Tony Hollings,RB
Triandos Luke,WR
Troy Hambrick,RB
Tyrone Wheatley,RB
Vick King,RB
Walter Rasby,TE
Adrian Madise,WR
Adrian Murrell,RB
Ahmad Merritt,WR
Alex Van Pelt,QB
Antonio Freeman,WR
Avon Cobourne,RB
Brian Mitchell,RB
Brock Huard,QB
Byron Chamberlain,TE
Charles Stackhouse,RB
Charlie Rogers,RB
Chris Cole,WR
Chris Doering,WR
Chris Luzar,TE
Clarence Coleman,WR
D'Wayne Bates,WR
Danny Kanell,QB
Darnell Sanders,TE
Dave Ragone,QB
Delvin Joyce,RB
Dondre Gilliam,WR
Doug Chapman,RB
Ed McCaffrey,WR
Erik Bickerstaff,RB
Frank Sanders,WR
Frank Wycheck,TE
Fred Baxter,TE
Gibran Hamdan,QB
Grant Mattos,WR
Hunter Goodwin,TE
J.J. Stokes,WR
Jabari Holloway,TE
James Fenderson,RB
James McKnight,WR
James Williams,WR
Jarious Jackson,QB
Jesse Palmer,QB
Jimmy Redmond,WR
Joe Dean Davenport,TE
John Avery,RB
John Simon,RB
Josh Norman,TE
Karsten Bailey,WR
Ken Simonton,RB
Kendall Newson,WR
Kevin Dyson,WR
Kevin Lockett,WR
Kevin Swayne,WR
Kurt Kittner,QB
Lamar Smith,RB
Larry Foster,WR
Lawrence Hamilton,WR
Leon Johnson,RB
Matt Hatchette,WR
Mikhael Ricks,TE
Neil O'Donnell,QB
O.J. Santiago,TE
Olandis Gary,RB
Oronde Gadsden,WR
Quentin McCord,WR
R.J. Bowers,RB
Rashod Kent,TE
Reggie Barlow,WR
Rick Mirer,QB
Rob Johnson,QB
Ron Johnson,WR
Ronney Jenkins,RB
Sam Simmons,WR
Scotty Anderson,WR
Shannon Sharpe,TE
Shawn Jefferson,WR
Spencer Nead,TE
Stacey Mack,RB
Steve Beuerlein,QB
Sultan McCullough,RB
Tee Martin,QB
Terrence Edwards,WR
Tim Couch,QB
Tony McGee,TE
Travis Brown,QB
Trung Canidate,RB
Wesley Walls,TE
Woody Dantzler,RB
Zeron Flemister,TE
Zuriel Smith,WR
Akili Smith,QB
Anthony Bright,WR
Arnold Jackson,WR
Atnaf Harris,WR
Autry Denson,RB
Avion Black,WR
Cecil Martin,RB
Cedric James,WR
Charles Johnson,WR
Chris Walsh,WR
Cory Sauter,QB
Cris Carter,WR
Curtis Keaton,RB
Danny Farmer,WR
Danny Wuerffel,QB
Darnay Scott,WR
Darrin Chiaverini,WR
David Sloan,TE
Dennis McKinley,RB
Derek Dorris,WR
Derrick Alexander,WR
Detron Smith,RB
Donald Hayes,WR
Drew Haddad,WR
Elvis Joseph,RB
Eric Metcalf,WR
Germane Crowell,WR
Henry Burris,QB
Herb Haygood,WR
Herman Moore,WR
Isaac Byrd,WR
JaJuan Dawson,WR
Jacquez Green,WR
Jake Reed,WR
Jake Soliday,WR
James Allen,RB
James Dearth,TE
James Jordan,WR
James Stewart,RB
James Whalen,TE
Javin Hunter,WR
Jay Graham,RB
Jeff Thomason,TE
Jim Miller,QB
Joe Montgomery,RB
John Allred,TE
John Davis,TE
John Jones,TE
Justin Swift,WR
Ken-Yon Rambo,WR
Lamont Warren,RB
Leonard Stephens,TE
Madre Hill,RB
MarTay Jenkins,WR
Marco Battaglia,TE
Marcus Knight,WR
Michael Westbrook,WR
Michael Wiley,RB
Mike Green,RB
Mike Lucky,TE
Mike Roberg,TE
Milton Wynn,WR
Mondriel Fulcher,TE
Nick Davis,WR
Pete Mitchell,TE
Qadry Ismail,WR
Rafael Cooper,RB
Randy Fasani,QB
Randy Jordan,RB
Ray Lucas,QB
Richard Huntley,RB
Robert Baker,WR
Robert Edwards,RB
Rod Rutledge,TE
Ron Dixon,WR
Ron Dugans,WR
Rondell Mealey,RB
Scott Covington,QB
Scottie Montgomery,WR
Sean Bennett,RB
Snoop Minnis,WR
Tamarick Vanover,WR
Terance Mathis,WR
Terrell Fletcher,RB
Terry Kirby,RB
Tony Carter,RB
Tory Woodbury,QB
Travis Jervey,RB
Travis Stephens,RB
Trevor Gaylor,WR
Tyrone Davis,TE
Willie Jackson,WR
Yo Murphy,WR
Albert Connell,WR
Andrew Jordan,TE
Benjamin Gay,RB
Bert Emanuel,WR
Bobby Collins,TE
Brad Banta,TE
Brian Natkin,TE
Brock Olivo,RB
Casey Crawford,TE
Chris Coleman,WR
Chris Sanders,WR
Chris Thomas,WR
Clint Stoerner,QB
Curtis Jackson,WR
Dameane Douglas,WR
Dameyune Craig,QB
Damon Gibson,WR
Damon Jones,TE
Damon Washington,RB
Dave Stachelski,TE
David Dunn,WR
Deon Dyer,RB
Derrick Harris,RB
Desmond Howard,WR
Elvis Grbac,QB
Frank Moreau,RB
Frank Murphy,WR
Fred Coleman,WR
Gari Scott,WR
Glyn Milburn,WR
Herbert Goodman,RB
Howard Cross,TE
J.J. Huggins,TE
J.J. Johnson,RB
Jackie Harris,TE
Jake Moreland,TE
Jamal Anderson,RB
James Jett,WR
Jamie Reader,RB
Jammi German,WR
Jason Brookins,RB
Jeff George,QB
Jeff Graham,WR
Jeff Ogden,WR
Jeremy Brigham,TE
Jeremy McDaniel,WR
Jermaine Williams,RB
John Waerig,TE
Justin Watson,RB
KaRon Coleman,RB
Keith Poole,WR
Kent Graham,QB
Kevin McDougal,RB
Kirk McMullen,TE
Larry Parker,WR
Luther Broughton,TE
Mark Rypien,QB
Matt Dominguez,TE
Matt Lytle,QB
Maurice Smith,RB
Na Brown,WR
Nate Turner,WR
Pat Batteaux,WR
Patrick Jeffers,WR
Raghib Ismail,WR
Randall Cunningham,QB
Reggie Germany,WR
Reggie Jones,WR
Reidel Anthony,WR
Ricky Watters,RB
Robert Wilson,WR
Rod Monroe,TE
Rodney Thomas,RB
Ryan Leaf,QB
Ryan Prince,TE
Scott Mitchell,QB
Sean Dawkins,WR
Sheldon Jackson,TE
Skip Hicks,RB
Spergon Wynn,QB
Terrell Davis,RB
Terry Allen,RB
Terry Hardy,TE
Terry Witherspoon,RB
Thabiti Davis,WR
Tim Biakabutuka,RB
Tony Martin,WR
Tony Simmons,WR
Tony Taylor,RB
Torrance Small,WR
Travis McGriff,WR
Travis Prentice,RB
Trevor Insley,WR
Ty Detmer,QB
Tywan Mitchell,TE
Vinny Sutherland,WR
Wane McGarity,WR
Wes Ours,RB
Will Blackwell,WR
Windrell Hayes,WR
Abdul-Karim al-Jabbar,RB
Alex Van Dyke,WR
Alfred Pupunu,TE
Alonzo Mayes,TE
Amp Lee,RB
Andre Reed,WR
Andre Rison,WR
Andrew Glover,TE
Anthony Johnson,RB
Bashir Yamini,WR
Basil Mitchell,RB
Ben Coates,TE
Bernie Parmalee,RB
Billy Davis,WR
Bobby Brown,WR
Bobby Hoying,QB
Brian Kinchen,TE
Brian Milne,RB
Brian Stablein,WR
Bubby Brister,QB
Cade McNown,QB
Carl Pickens,WR
Chad Dukes,RB
Chris Brazzell,WR
Chris Calloway,WR
Chris Eitzmann,TE
Chris Gedney,TE
Chris Greisen,QB
Chris Howard,RB
Chris Jackson,WR
Chris Warren,RB
Clarence Williams,RB
Cory Geason,TE
Courtney Hawkins,WR
Craig Yeast,WR
Curtis Enis,RB
Damon Dunn,WR
Damon Griffin,WR
Damon Hodge,WR
Darnell Autry,RB
Dave Brown,QB
David LaFleur,TE
David Palmer,RB
De'Mond Parker,RB
Derrick Mayes,WR
Dwight Stone,WR
E.G. Green,WR
Eric Bjornson,TE
Eric Zeier,QB
Errict Rhett,RB
Greg Clark,TE
Greg DeLong,TE
Howard Griffith,RB
Iheanyi Uwaezuoke,WR
Irving Fryar,WR
Isaac Jones,WR
James Jenkins,TE
Jason Garrett,QB
Jason Tucker,WR
Jay Tant,TE
Jeff Lewis,QB
Jerald Moore,RB
Jermaine Fazande,RB
Jim Harbaugh,QB
Joe Hamilton,QB
John Friesz,QB
Johnny McWilliams,TE
Jonas Lewis,RB
Kaseem Sinceno,TE
Kenny Bynum,RB
Kevin Thompson,QB
Kimble Anders,RB
Kwame Cavil,WR
Lennox Gordon,RB
Lenzie Jackson,WR
Leslie Shepherd,WR
Mac Cody,WR
Macey Brooks,WR
Malcolm Johnson,WR
Mario Bates,RB
Mark Hartsell,QB
Marlon Barnes,RB
Michael Bates,WR
Michael Bishop,QB
Michael Roan,TE
Moses Moreno,QB
Napoleon Kaufman,RB
Nate Jacquet,WR
O.J. McDuffie,WR
R.Jay Soward,WR
Raymont Harris,RB
Reggie Davis,TE
Rich Griffith,TE
Robert Brooks,WR
Robert Chancey,RB
Robert Smith,RB
Ron Rivers,RB
Ryan Wetnight,TE
Scott Dragos,RB
Sedrick Irvin,RB
Shockmain Davis,WR
Shyrone Stith,RB
Stoney Case,QB
Sylvester Morris,WR
Thurman Thomas,RB
Todd Husak,QB
Tony Horne,WR
Troy Aikman,QB
Troy Drayton,TE
Vincent Brisby,WR
Warren Moon,QB
Yancey Thigpen,WR
A.J. Ofodile,TE
Aaron Pierce,TE
Alvin Harper,WR
Andre Cooper,WR
Andre Hastings,WR
Andy McCullough,WR
Anthony Lynn,RB
Bam Morris,RB
Billy Joe Hobert,QB
Billy Joe Tolliver,QB
Blake Spence,TE
Brett Bech,WR
Brian Alford,WR
Bryan Still,WR
Byron Hanspard,RB
Carlester Crumpler,TE
Casey Weldon,QB
Cecil Collins,RB
Chad Fann,TE
Charles Jordan,WR
Charlie Jones,WR
Chris Miller,QB
Chris Penn,WR
Chuck Evans,RB
Dan Marino,QB
Darnell McDonald,WR
Daryl Johnston,RB
Derek Brown,TE
Derek Loville,RB
Derrick Walker,TE
Dietrich Jells,WR
Dino Philyaw,RB
Ed Smith,TE
Edgar Bennett,RB
Edwin Watson,RB
Eric Bieniemy,RB
Eric Green,TE
Erik Kramer,QB
Ernie Mills,WR
Eugene Baker,WR
Fabien Bownes,WR
Fred Lane,RB
Gary Brown,RB
George Jones,RB
Glenn Foley,QB
Greg Hill,RB
James Bostic,RB
James Hundon,WR
Jerry Ellison,RB
Joe Germaine,QB
Joey Kent,WR
John Henry Mills,RB
Josh Wilcox,TE
Justin Armour,WR
Kamil Loud,WR
Keith Elias,RB
Ken Oxendine,RB
Kenny Shedd,WR
Kevin McKenzie,WR
Kevin McLeod,RB
Kevin R. Williams,WR
Lawrence Dawsey,WR
Lawrence Phillips,RB
LeShon Johnson,RB
Leroy Hoard,RB
Lonnie Johnson,TE
Lovett Purnell,TE
Marcus Nash,WR
Mark Chmura,TE
Mark Harris,WR
Mark Thomas,TE
Marvin Powell,RB
Michael Basnight,RB
Michael Irvin,WR
Mike Pritchard,WR
Mike Tomczak,QB
Mitch Jacoby,TE
Mitch Lyons,TE
Natrone Means,RB
Paul Justin,QB
Paul Shields,RB
Pete Chryplewicz,TE
Pete Gonzalez,QB
Quinn Early,WR
Rae Carruth,WR
Rashaan Salaam,RB
Rashaan Shehee,RB
Rob Moore,WR
Robert Reed,WR
Rodney A. Williams,WR
Ronnie Harris,WR
Ronnie Powell,WR
Ryan Collins,TE
Scott Greene,RB
Scott Slutzker,TE
Scott Zolak,QB
Sedrick Shaw,RB
Steve Bono,QB
Steve Stenstrom,QB
Steve Walsh,QB
Steve Young,QB
Tavian Banks,RB
Terry Mickens,WR
Tim Lester,RB
Tony Cline,TE
Tony Graziani,QB
Tremayne Stephens,RB
Troy Davis,RB
Troy Smith,WR
Wilmont Perry,RB
Winslow Oliver,RB
Yatil Green,WR
Zola Davis,WR
